delete from customer;
delete from marketActivities;
delete from portfolio;
delete from cryptocurrency;
delete from transactions;

INSERT INTO customer (name, id, bankName, accountNumber, routingNumber, ssn, bday, age, phone, email, creditScore, balance, joinDate, address, loginPassword) VALUES
('John Smith', 1000001, 'Bank of America', 123456789012345, 123456789, 123456789, 19850101, 37, 1234567890, 'john.smith@example.com', 750, 5000.00, 20220101, '123 Main St, Anytown, USA', 'password1'),
('Jane Doe', 1000002, 'Chase Bank', 987654321098765, 987654321, 987654321, 19800415, 41, 9876543210, 'jane.doe@example.com', 800, 7000.00, 20220102, '456 Elm St, Anytown, USA', 'password2'),
('Michael Johnson', 1000003, 'Wells Fargo', 456789012345678, 456789012, 456789012, 19750920, 46, 4567890123, 'michael.johnson@example.com', 720, 3000.00, 20220103, '789 Oak St, Anytown, USA', 'password3'),
('Emily Williams', 1000004, 'Citibank', 789012345678901, 789012345, 789012345, 19901210, 31, 7890123456, 'emily.williams@example.com', 780, 6000.00, 20220104, '101 Pine St, Anytown, USA', 'password4'),
('Christopher Brown', 1000005, 'Bank of America', 234567890123456, 234567890, 234567890, 19880325, 33, 2345678901, 'chris.brown@example.com', 700, 4000.00, 20220105, '202 Cedar St, Anytown, USA', 'password5'),
('Amanda Garcia', 1000006, 'Chase Bank', 567890123456789, 567890123, 567890123, 19800612, 41, 5678901234, 'amanda.garcia@example.com', 760, 5500.00, 20220106, '303 Walnut St, Anytown, USA', 'password6'),
('David Martinez', 1000007, 'Wells Fargo', 901234567890123, 901234567, 901234567, 19721030, 49, 9012345678, 'david.martinez@example.com', 710, 3200.00, 20220107, '404 Maple St, Anytown, USA', 'password7'),
('Jennifer Smith', 1000008, 'Citibank', 345678901234567, 345678901, 345678901, 19840218, 38, 3456789012, 'jennifer.smith@example.com', 790, 7000.00, 20220108, '505 Oakwood St, Anytown, USA', 'password8'),
('James Rodriguez', 1000009, 'Bank of America', 678901234567890, 678901234, 678901234, 19890105, 33, 6789012345, 'james.rodriguez@example.com', 740, 4800.00, 20220109, '606 Willow St, Anytown, USA', 'password9'),
('Sarah Wilson', 1000010, 'Chase Bank', 123456789012345, 123456789, 123456789, 19781015, 43, 1234567890, 'sarah.wilson@example.com', 770, 6100.00, 20220110, '707 Cedar St, Anytown, USA', 'password10'),
('Robert Lee', 1000011, 'Wells Fargo', 987654321098765, 987654321, 987654321, 19760103, 46, 9876543210, 'robert.lee@example.com', 730, 4900.00, 20220111, '808 Pine St, Anytown, USA', 'password11'),
('Megan Garcia', 1000012, 'Citibank', 456789012345678, 456789012, 456789012, 19950120, 27, 4567890123, 'megan.garcia@example.com', 750, 5600.00, 20220112, '909 Elm St, Anytown, USA', 'password12'),
('William Kim', 1000013, 'Bank of America', 789012345678901, 789012345, 789012345, 19730608, 48, 7890123456, 'william.kim@example.com', 780, 7200.00, 20220113, '1010 Oak St, Anytown, USA', 'password13'),
('Rachel Nguyen', 1000014, 'Chase Bank', 234567890123456, 234567890, 234567890, 19820822, 39, 2345678901, 'rachel.nguyen@example.com', 760, 5900.00, 20220114, '1111 Walnut St, Anytown, USA', 'password14'),
('Daniel Johnson', 1000015, 'Wells Fargo', 567890123456789, 567890123, 567890123, 19871207, 34, 5678901234, 'daniel.johnson@example.com', 730, 4800.00, 20220115, '1212 Maple St, Anytown, USA', 'password15'),
('Lauren Martinez', 1000016, 'Citibank', 901234567890123, 901234567, 901234567, 19800229, 42, 9012345678, 'lauren.martinez@example.com', 770, 6200.00, 20220116, '1313 Oakwood St, Anytown, USA', 'password16'),
('Ryan Brown', 1000017, 'Bank of America', 345678901234567, 345678901, 345678901, 19750930, 46, 3456789012, 'ryan.brown@example.com', 750, 5500.00, 20220117, '1414 Willow St, Anytown, USA', 'password17'),
('Christina Kim', 1000018, 'Chase Bank', 678901234567890, 678901234, 678901234, 19910918, 32, 6789012345, 'christina.kim@example.com', 790, 7100.00, 20220118, '1515 Cedar St, Anytown, USA', 'password18'),
('Justin Nguyen', 1000019, 'Wells Fargo', 123456789012345, 123456789, 123456789, 19840725, 37, 1234567890, 'justin.nguyen@example.com', 740, 5000.00, 20220119, '1616 Pine St, Anytown, USA', 'password19'),
('Ashley Lee', 1000020, 'Citibank', 987654321098765, 987654321, 987654321, 19780614, 45, 9876543210, 'ashley.lee@example.com', 780, 6800.00, 20220120, '1717 Elm St, Anytown, USA', 'password20'),
('Matthew Garcia', 1000021, 'Bank of America', 456789012345678, 456789012, 456789012, 19921102, 29, 4567890123, 'matthew.garcia@example.com', 760, 5600.00, 20220121, '1818 Main St, Anytown, USA', 'password21'),
('Jessica Kim', 1000022, 'Chase Bank', 789012345678901, 789012345, 789012345, 19770112, 45, 7890123456, 'jessica.kim@example.com', 740, 5400.00, 20220122, '1919 Maple St, Anytown, USA', 'password22'),
('Nicholas Smith', 1000023, 'Wells Fargo', 234567890123456, 234567890, 234567890, 19800905, 42, 2345678901, 'nicholas.smith@example.com', 800, 7300.00, 20220123, '2020 Oakwood St, Anytown, USA', 'password23'),
('Rebecca Johnson', 1000024, 'Citibank', 567890123456789, 567890123, 567890123, 19951020, 26, 5678901234, 'rebecca.johnson@example.com', 780, 6700.00, 20220124, '2121 Cedar St, Anytown, USA', 'password24'),
('Tyler Martinez', 1000025, 'Bank of America', 901234567890123, 901234567, 901234567, 19790228, 43, 9012345678, 'tyler.martinez@example.com', 750, 5900.00, 20220125, '2222 Willow St, Anytown, USA', 'password25'),
('Stephanie Brown', 1000026, 'Chase Bank', 345678901234567, 345678901, 345678901, 19860817, 35, 3456789012, 'stephanie.brown@example.com', 790, 7200.00, 20220126, '2323 Cedar St, Anytown, USA', 'password26'),
('Brandon Kim', 1000027, 'Wells Fargo', 678901234567890, 678901234, 678901234, 19811025, 40, 6789012345, 'brandon.kim@example.com', 770, 6500.00, 20220127, '2424 Maple St, Anytown, USA', 'password27'),
('Elizabeth Nguyen', 1000028, 'Citibank', 123456789012345, 123456789, 123456789, 19930308, 29, 1234567890, 'elizabeth.nguyen@example.com', 810, 7500.00, 20220128, '2525 Oak St, Anytown, USA', 'password28'),
('Andrew Lee', 1000029, 'Bank of America', 456789012345678, 456789012, 456789012, 19821115, 39, 4567890123, 'andrew.lee@example.com', 740, 5600.00, 20220129, '2626 Elm St, Anytown, USA', 'password29'),
('Samantha Garcia', 1000030, 'Chase Bank', 789012345678901, 789012345, 789012345, 19740707, 47, 7890123456, 'samantha.garcia@example.com', 780, 6800.00, 20220130, '2727 Main St, Anytown, USA', 'password30'),
('Kevin Kim', 1000031, 'Wells Fargo', 234567890123456, 234567890, 234567890, 19880301, 34, 2345678901, 'kevin.kim@example.com', 750, 5800.00, 20220131, '2828 Willow St, Anytown, USA', 'password31'),
('Kayla Smith', 1000032, 'Citibank', 567890123456789, 567890123, 567890123, 19790125, 43, 5678901234, 'kayla.smith@example.com', 790, 7100.00, 20220201, '2929 Cedar St, Anytown, USA', 'password32'),
('Jacob Johnson', 1000033, 'Bank of America', 901234567890123, 901234567, 901234567, 19850714, 36, 9012345678, 'jacob.johnson@example.com', 760, 5900.00, 20220202, '3030 Pine St, Anytown, USA', 'password33'),
('Hannah Martinez', 1000034, 'Chase Bank', 345678901234567, 345678901, 345678901, 19760719, 45, 3456789012, 'hannah.martinez@example.com', 800, 7300.00, 20220203, '3131 Elm St, Anytown, USA', 'password34'),
('Joshua Brown', 1000035, 'Wells Fargo', 678901234567890, 678901234, 678901234, 19891009, 32, 6789012345, 'joshua.brown@example.com', 770, 6600.00, 20220204, '3232 Main St, Anytown, USA', 'password35'),
('Katherine Kim', 1000036, 'Citibank', 123456789012345, 123456789, 123456789, 19940203, 28, 1234567890, 'katherine.kim@example.com', 780, 6900.00, 20220205, '3333 Willow St, Anytown, USA', 'password36'),
('Jason Garcia', 1000037, 'Bank of America', 456789012345678, 456789012, 456789012, 19741123, 47, 4567890123, 'jason.garcia@example.com', 740, 5700.00, 20220206, '3434 Cedar St, Anytown, USA', 'password37'),
('Alexis Nguyen', 1000038, 'Chase Bank', 789012345678901, 789012345, 789012345, 19860116, 36, 7890123456, 'alexis.nguyen@example.com', 790, 7200.00, 20220207, '3535 Pine St, Anytown, USA', 'password38'),
('Benjamin Lee', 1000039, 'Wells Fargo', 234567890123456, 234567890, 234567890, 19900608, 32, 2345678901, 'benjamin.lee@example.com', 760, 6000.00, 20220208, '3636 Elm St, Anytown, USA', 'password39'),
('Nicole Garcia', 1000040, 'Citibank', 567890123456789, 567890123, 567890123, 19730628, 48, 5678901234, 'nicole.garcia@example.com', 800, 7400.00, 20220209, '3737 Main St, Anytown, USA', 'password40'),
('Ethan Johnson', 1000041, 'Bank of America', 901234567890123, 901234567, 901234567, 19820831, 39, 9012345678, 'ethan.johnson@example.com', 770, 6200.00, 20220210, '3838 Willow St, Anytown, USA', 'password41'),
('Olivia Martinez', 1000042, 'Chase Bank', 345678901234567, 345678901, 345678901, 19750410, 47, 3456789012, 'olivia.martinez@example.com', 810, 7600.00, 20220211, '3939 Cedar St, Anytown, USA', 'password42'),
('Nathan Brown', 1000043, 'Wells Fargo', 678901234567890, 678901234, 678901234, 19930101, 31, 6789012345, 'nathan.brown@example.com', 780, 6400.00, 20220212, '4040 Pine St, Anytown, USA', 'password43'),
('Victoria Kim', 1000044, 'Citibank', 123456789012345, 123456789, 123456789, 19780214, 44, 1234567890, 'victoria.kim@example.com', 790, 7300.00, 20220213, '4141 Elm St, Anytown, USA', 'password44'),
('Zachary Garcia', 1000045, 'Bank of America', 456789012345678, 456789012, 456789012, 19890227, 35, 4567890123, 'zachary.garcia@example.com', 760, 6100.00, 20220214, '4242 Willow St, Anytown, USA', 'password45'),
('Madison Nguyen', 1000046, 'Chase Bank', 789012345678901, 789012345, 789012345, 19721220, 49, 7890123456, 'madison.nguyen@example.com', 800, 7500.00, 20220215, '4343 Cedar St, Anytown, USA', 'password46'),
('Christopher Lee', 1000047, 'Wells Fargo', 234567890123456, 234567890, 234567890, 19790904, 43, 2345678901, 'chris.lee@example.com', 780, 6700.00, 20220216, '4444 Pine St, Anytown, USA', 'password47'),
('Ella Garcia', 1000048, 'Citibank', 567890123456789, 567890123, 567890123, 19851015, 36, 5678901234, 'ella.garcia@example.com', 810, 7800.00, 20220217, '4545 Elm St, Anytown, USA', 'password48'),
('Joseph Johnson', 1000049, 'Bank of America', 901234567890123, 901234567, 901234567, 19750602, 46, 9012345678, 'joseph.johnson@example.com', 790, 7100.00, 20220218, '4646 Willow St, Anytown, USA', 'password49'),
('Avery Martinez', 1000050, 'Chase Bank', 345678901234567, 345678901, 345678901, 19911111, 30, 3456789012, 'avery.martinez@example.com', 820, 7900.00, 20220219, '4747 Cedar St, Anytown, USA', 'password50');
INSERT INTO cryptocurrency (id, name, currentValue, highValueToday, lowValueToday, marketCap, volume, percentChange24h, percentChange7d, availableSupply, totalSupply) VALUES
(10001, 'Bitcoin', 60000.00, 65000.00, 55000.00, 1200000000000.00, 500000000.00, 2.50, 5.00, 18000000, 21000000),
(10002, 'Ethereum', 2500.00, 3000.00, 2200.00, 350000000000.00, 300000000.00, -1.80, -3.50, 120000000, 115000000),
(10003, 'Ripple', 2.00, 2.50, 1.80, 100000000000.00, 150000000.00, 0.75, 1.20, 45000000000, 100000000000),
(10004, 'Litecoin', 350.00, 400.00, 300.00, 25000000000.00, 50000000.00, 1.25, 2.80, 70000000, 84000000),
(10005, 'Cardano', 1.50, 2.00, 1.30, 45000000000.00, 80000000.00, -0.50, -1.00, 32000000000, 45000000000),
(10006, 'Polkadot', 40.00, 50.00, 35.00, 30000000000.00, 60000000.00, 3.00, 5.50, 90000000, 100000000),
(10007, 'Bitcoin Cash', 1000.00, 1200.00, 900.00, 25000000000.00, 40000000.00, 0.25, 0.80, 18000000, 21000000),
(10008, 'Chainlink', 50.00, 60.00, 45.00, 15000000000.00, 30000000.00, -2.75, -5.00, 340000000, 400000000),
(10009, 'Stellar', 0.75, 1.00, 0.60, 10000000000.00, 200000000.00, 1.50, 3.00, 15000000000, 50000000000),
(10010, 'Dogecoin', 0.30, 0.50, 0.20, 5000000000.00, 1000000000.00, -0.80, -2.00, 12000000000, 15000000000),
(10011, 'Avalanche', 120.00, 150.00, 100.00, 20000000000.00, 25000000.00, 2.00, 4.50, 120000000, 150000000),
(10012, 'Algorand', 2.50, 3.00, 2.00, 8000000000.00, 150000000.00, 0.10, 0.20, 3400000000, 5000000000),
(10013, 'VeChain', 0.20, 0.30, 0.15, 5000000000.00, 200000000.00, -1.25, -2.80, 20000000000, 25000000000),
(10014, 'TRON', 0.05, 0.10, 0.03, 3000000000.00, 300000000.00, 0.75, 1.50, 60000000000, 80000000000),
(10015, 'NEO', 80.00, 100.00, 70.00, 5000000000.00, 20000000.00, 1.80, 3.20, 60000000, 100000000),
(10016, 'Cosmos', 20.00, 25.00, 18.00, 2500000000.00, 100000000.00, -2.00, -4.50, 200000000, 300000000),
(10017, 'EOS', 8.00, 10.00, 6.00, 2000000000.00, 150000000.00, -0.75, -1.20, 1000000000, 1200000000),
(10018, 'Tezos', 6.00, 8.00, 5.00, 1500000000.00, 80000000.00, 0.50, 1.80, 70000000, 100000000),
(10019, 'Monero', 300.00, 400.00, 250.00, 7000000000.00, 5000000.00, -1.20, -2.50, 15000000, 18000000),
(10020, 'THETA', 7.00, 10.00, 5.00, 1500000000.00, 60000000.00, 3.25, 7.00, 60000000, 100000000),
(10021, 'BitTorrent', 0.01, 0.02, 0.008, 500000000.00, 1000000000.00, 0.80, 2.00, 12000000000, 18000000000),
(10022, 'Dai', 0.90, 1.10, 0.80, 2000000000.00, 200000000.00, 0.25, 0.60, 2200000000, 2400000000),
(10023, 'Aave', 400.00, 500.00, 350.00, 1500000000.00, 3000000.00, -0.50, -1.20, 4000000, 6000000),
(10024, 'Synthetix', 80.00, 100.00, 70.00, 500000000.00, 10000000.00, 1.00, 2.50, 800000000, 1000000000),
(10025, 'Compound', 200.00, 300.00, 150.00, 1000000000.00, 5000000.00, -0.75, -1.80, 6000000, 8000000),
(10026, 'Maker', 1500.00, 2000.00, 1000.00, 3000000000.00, 2000000.00, 0.75, 1.50, 2000000, 4000000),
(10027, 'The Graph', 3.00, 5.00, 2.00, 500000000.00, 100000000.00, -0.80, -2.20, 800000000, 1000000000),
(10028, 'SushiSwap', 15.00, 20.00, 10.00, 1000000000.00, 50000000.00, 1.00, 3.00, 300000000, 500000000),
(10029, 'Yearn.finance', 40000.00, 50000.00, 30000.00, 1000000000.00, 100000.00, -1.50, -4.00, 1000000, 2000000),
(10030, 'Celsius Network', 8.00, 10.00, 6.00, 2000000000.00, 20000000.00, 1.25, 3.00, 500000000, 800000000),
(10031, 'Kyber Network', 3.00, 4.00, 2.00, 500000000.00, 30000000.00, -1.00, -2.50, 600000000, 900000000),
(10032, 'Curve DAO Token', 1.50, 2.00, 1.00, 500000000.00, 50000000.00, 0.50, 1.20, 300000000, 400000000),
(10033, 'Ren', 0.50, 1.00, 0.30, 200000000.00, 100000000.00, -0.25, -0.80, 700000000, 1000000000),
(10034, '0x', 1.00, 1.50, 0.80, 300000000.00, 200000000.00, 0.80, 1.50, 800000000, 1000000000),
(10035, 'Balancer', 40.00, 50.00, 30.00, 1000000000.00, 10000000.00, -1.25, -3.00, 200000000, 300000000),
(10036, 'OMG Network', 4.00, 5.00, 3.00, 500000000.00, 50000000.00, 2.00, 4.00, 600000000, 700000000),
(10037, 'Loopring', 1.50, 2.00, 1.00, 300000000.00, 200000000.00, -0.50, -1.80, 400000000, 600000000),
(10038, 'Bancor', 8.00, 10.00, 6.00, 1000000000.00, 100000000.00, 1.00, 2.50, 500000000, 800000000),
(10039, 'Numeraire', 80.00, 100.00, 70.00, 200000000.00, 10000000.00, -1.50, -3.00, 6000000, 8000000),
(10040, 'Reserve Rights', 0.30, 0.50, 0.20, 500000000.00, 200000000.00, 0.25, 0.60, 800000000, 1000000000),
(10041, 'RenBTC', 60000.00, 70000.00, 50000.00, 2000000000.00, 50000.00, 1.50, 3.50, 4000000, 8000000),
(10042, 'Zilliqa', 0.10, 0.20, 0.05, 3000000000.00, 300000000.00, -1.00, -2.50, 9000000000, 12000000000),
(10043, 'Elrond', 80.00, 100.00, 70.00, 1000000000.00, 20000000.00, 0.50, 1.20, 800000000, 1000000000),
(10044, 'Hedera Hashgraph', 0.30, 0.50, 0.20, 5000000000.00, 1000000000.00, 1.25, 3.00, 12000000000, 15000000000),
(10045, 'ICON', 0.50, 1.00, 0.30, 2000000000.00, 500000000.00, -0.80, -2.50, 8000000000, 10000000000),
(10046, 'Waves', 15.00, 20.00, 10.00, 1000000000.00, 30000000.00, 0.75, 2.50, 700000000, 900000000),
(10047, 'Qtum', 4.00, 5.00, 3.00, 500000000.00, 200000000.00, -1.20, -2.50, 400000000, 600000000),
(10048, 'Decentraland', 0.50, 1.00, 0.30, 1000000000.00, 1000000000.00, 3.25, 5.00, 6000000000, 8000000000),
(10049, 'Enjin Coin', 1.50, 2.00, 1.00, 500000000.00, 50000000.00, -0.80, -1.50, 300000000, 500000000),
(10050, 'Basic Attention Token', 0.30, 0.50, 0.20, 2000000000.00, 200000000.00, 1.00, 2.50, 8000000000, 10000000000);
INSERT INTO marketActivities (cryptoId, cryptoName, high, low, active, volume, marketCap, percentChange24h, totalMarketCap24h, recommendation) VALUES
(10001, 'Bitcoin', 65000.00, 60000.00, 62500.00, 500000000, 1200000000000, 2.50, 2000000000000, 'Buy'),
(10002, 'Ethereum', 3000.00, 2500.00, 2800.00, 300000000, 350000000000, -1.80, 700000000000, 'Sell'),
(10003, 'Ripple', 2.50, 2.00, 2.20, 150000000, 100000000000, 0.75, 400000000000, 'Watch'),
(10004, 'Litecoin', 400.00, 350.00, 375.00, 50000000, 25000000000, 1.25, 75000000000, 'Buy'),
(10005, 'Cardano', 2.00, 1.50, 1.75, 80000000, 45000000000, -0.50, 90000000000, 'Sell'),
(10006, 'Polkadot', 50.00, 40.00, 45.00, 60000000, 30000000000, 3.00, 60000000000, 'Buy'),
(10007, 'Bitcoin Cash', 1200.00, 1000.00, 1100.00, 40000000, 25000000000, 0.25, 50000000000, 'Watch'),
(10008, 'Chainlink', 60.00, 50.00, 55.00, 30000000, 15000000000, -2.75, 30000000000, 'Sell'),
(10009, 'Stellar', 1.00, 0.75, 0.85, 200000000, 10000000000, 1.50, 20000000000, 'Buy'),
(10010, 'Dogecoin', 0.50, 0.30, 0.40, 1000000000, 5000000000, -0.80, 10000000000, 'Sell'),
(10011, 'Avalanche', 150.00, 120.00, 135.00, 25000000, 20000000000, 2.00, 40000000000, 'Buy'),
(10012, 'Algorand', 3.00, 2.50, 2.75, 150000000, 8000000000, 0.10, 16000000000, 'Watch'),
(10013, 'VeChain', 0.30, 0.20, 0.25, 200000000, 5000000000, -1.25, 10000000000, 'Sell'),
(10014, 'TRON', 0.10, 0.05, 0.08, 300000000, 3000000000, 0.75, 6000000000, 'Buy'),
(10015, 'NEO', 100.00, 80.00, 90.00, 20000000, 5000000000, 1.80, 10000000000, 'Sell'),
(10016, 'Cosmos', 25.00, 20.00, 22.50, 100000000, 2500000000, -2.00, 5000000000, 'Buy'),
(10017, 'EOS', 10.00, 8.00, 9.00, 150000000, 2000000000, -0.75, 4000000000, 'Watch'),
(10018, 'Tezos', 8.00, 6.00, 7.00, 80000000, 1500000000, 0.50, 3000000000, 'Buy'),
(10019, 'Monero', 400.00, 300.00, 350.00, 5000000, 7000000000, -1.20, 14000000000, 'Sell'),
(10020, 'THETA', 10.00, 7.00, 8.50, 60000000, 1500000000, 3.25, 3000000000, 'Buy'),
(10021, 'BitTorrent', 0.02, 0.01, 0.015, 1000000000, 500000000, 0.80, 1000000000, 'Sell'),
(10022, 'Dai', 1.10, 0.90, 1.00, 200000000, 2000000000, 0.25, 4000000000, 'Buy'),
(10023, 'Aave', 500.00, 400.00, 450.00, 3000000, 1500000000, -0.50, 3000000000, 'Sell'),
(10024, 'Synthetix', 100.00, 80.00, 90.00, 10000000, 500000000, 1.00, 1000000000, 'Buy'),
(10025, 'Compound', 300.00, 200.00, 250.00, 5000000, 1000000000, -0.75, 2000000000, 'Watch'),
(10026, 'Maker', 2000.00, 1500.00, 1750.00, 2000000, 3000000000, 0.75, 6000000000, 'Buy'),
(10027, 'The Graph', 5.00, 3.00, 4.00, 100000000, 500000000, -0.80, 1000000000, 'Sell'),
(10028, 'SushiSwap', 20.00, 15.00, 17.50, 50000000, 1000000000, 1.00, 2000000000, 'Buy'),
(10029, 'Yearn.finance', 50000.00, 40000.00, 45000.00, 100000, 1000000000, -1.50, 2000000000, 'Sell'),
(10030, 'Celsius Network', 10.00, 8.00, 9.00, 20000000, 2000000000, 1.25, 4000000000, 'Buy'),
(10031, 'Kyber Network', 4.00, 3.00, 3.50, 30000000, 500000000, -1.00, 1000000000, 'Watch'),
(10032, 'Curve DAO Token', 2.00, 1.50, 1.75, 50000000, 500000000, 0.50, 1000000000, 'Buy'),
(10033, 'Ren', 1.00, 0.50, 0.75, 100000000, 200000000, -0.25, 400000000, 'Sell'),
(10034, '0x', 1.50, 1.00, 1.25, 200000000, 300000000, 0.80, 600000000, 'Buy'),
(10035, 'Balancer', 50.00, 40.00, 45.00, 10000000, 1000000000, -1.25, 2000000000, 'Sell'),
(10036, 'OMG Network', 5.00, 4.00, 4.50, 50000000, 500000000, 2.00, 1000000000, 'Buy'),
(10037, 'Loopring', 2.00, 1.50, 1.75, 200000000, 300000000, -0.50, 600000000, 'Sell'),
(10038, 'Bancor', 10.00, 8.00, 9.00, 100000000, 1000000000, 1.00, 2000000000, 'Buy'),
(10039, 'Numeraire', 100.00, 80.00, 90.00, 10000000, 200000000, -1.50, 400000000, 'Sell'),
(10040, 'Reserve Rights', 0.50, 0.30, 0.40, 200000000, 500000000, 0.25, 1000000000, 'Buy'),
(10041, 'RenBTC', 70000.00, 60000.00, 65000.00, 50000, 2000000000, 1.50, 4000000000, 'Sell'),
(10042, 'Zilliqa', 0.20, 0.10, 0.15, 300000000, 3000000000, -1.00, 6000000000, 'Buy'),
(10043, 'Elrond', 100.00, 80.00, 90.00, 20000000, 1000000000, 0.50, 2000000000, 'Sell'),
(10044, 'Hedera Hashgraph', 0.50, 0.30, 0.40, 1000000000, 5000000000, 1.25, 10000000000, 'Buy'),
(10045, 'ICON', 1.00, 0.50, 0.75, 500000000, 2000000000, -0.80, 4000000000, 'Sell'),
(10046, 'Waves', 20.00, 15.00, 17.50, 30000000, 1000000000, 0.75, 2000000000, 'Buy'),
(10047, 'Qtum', 5.00, 4.00, 4.50, 200000000, 500000000, -1.20, 1000000000, 'Sell'),
(10048, 'Decentraland', 1.00, 0.50, 0.75, 1000000000, 1000000000, 3.25, 2000000000, 'Buy'),
(10049, 'Enjin Coin', 2.00, 1.50, 1.75, 50000000, 500000000, -0.80, 1000000000, 'Sell'),
(10050, 'Basic Attention Token', 0.50, 0.30, 0.40, 200000000, 2000000000, 1.00, 4000000000, 'Buy');
INSERT INTO portfolio (customerId, numberCoinsOwned, portfolioValue) VALUES
(1000001, 10, 50000.00),
(1000002, 15, 75000.00),
(1000003, 20, 100000.00),
(1000004, 25, 125000.00),
(1000005, 30, 150000.00),
(1000006, 35, 175000.00),
(1000007, 40, 200000.00),
(1000008, 45, 225000.00),
(1000009, 50, 250000.00),
(1000010, 55, 275000.00),
(1000011, 60, 300000.00),
(1000012, 65, 325000.00),
(1000013, 70, 350000.00),
(1000014, 75, 375000.00),
(1000015, 80, 400000.00),
(1000016, 85, 425000.00),
(1000017, 90, 450000.00),
(1000018, 95, 475000.00),
(1000019, 100, 500000.00),
(1000020, 105, 525000.00),
(1000021, 110, 550000.00),
(1000022, 115, 575000.00),
(1000023, 120, 600000.00),
(1000024, 125, 625000.00),
(1000025, 130, 650000.00),
(1000026, 135, 675000.00),
(1000027, 140, 700000.00),
(1000028, 145, 725000.00),
(1000029, 150, 750000.00),
(1000030, 155, 775000.00),
(1000031, 160, 800000.00),
(1000032, 165, 825000.00),
(1000033, 170, 850000.00),
(1000034, 175, 875000.00),
(1000035, 180, 900000.00),
(1000036, 185, 925000.00),
(1000037, 190, 950000.00),
(1000038, 195, 975000.00),
(1000039, 200, 1000000.00),
(1000040, 205, 1025000.00),
(1000041, 210, 1050000.00),
(1000042, 215, 1075000.00),
(1000043, 220, 1100000.00),
(1000044, 225, 1125000.00),
(1000045, 230, 1150000.00),
(1000046, 235, 1175000.00),
(1000047, 240, 1200000.00),
(1000048, 245, 1225000.00),
(1000049, 250, 1250000.00),
(1000050, 255, 1275000.00);
INSERT INTO transactions (id, customerId, type, amount, currency, timestamp, status, fee) VALUES
(1, 1000001, 'Buy', 10000.00, 'USD', 20240408120000, 'Successful', 600.00),
(2, 1000002, 'Sell', 5.00, 'Bitcoin', 20240408120001, 'Pending', 0.30),
(3, 1000003, 'Buy', 15000.00, 'USD', 20240408120002, 'Failed', 900.00),
(4, 1000004, 'Sell', 10.00, 'Ethereum', 20240408120003, 'Successful', 0.60),
(5, 1000005, 'Buy', 20000.00, 'USD', 20240408120004, 'Pending', 1200.00),
(6, 1000006, 'Sell', 15.00, 'Ripple', 20240408120005, 'Successful', 0.90),
(7, 1000007, 'Buy', 25000.00, 'USD', 20240408120006, 'Failed', 1500.00),
(8, 1000008, 'Sell', 20.00, 'Litecoin', 20240408120007, 'Pending', 1.20),
(9, 1000009, 'Buy', 30000.00, 'USD', 20240408120008, 'Successful', 1800.00),
(10, 1000010, 'Sell', 25.00, 'Cardano', 20240408120009, 'Failed', 1.50),
(11, 1000011, 'Buy', 35000.00, 'USD', 20240408120010, 'Pending', 2100.00),
(12, 1000012, 'Sell', 30.00, 'Polkadot', 20240408120011, 'Successful', 1.80),
(13, 1000013, 'Buy', 40000.00, 'USD', 20240408120012, 'Failed', 2400.00),
(14, 1000014, 'Sell', 35.00, 'Bitcoin Cash', 20240408120013, 'Pending', 2.10),
(15, 1000015, 'Buy', 45000.00, 'USD', 20240408120014, 'Successful', 2700.00),
(16, 1000016, 'Sell', 40.00, 'Chainlink', 20240408120015, 'Failed', 2.40),
(17, 1000017, 'Buy', 50000.00, 'USD', 20240408120016, 'Pending', 3000.00),
(18, 1000018, 'Sell', 45.00, 'Stellar', 20240408120017, 'Successful', 2.70),
(19, 1000019, 'Buy', 55000.00, 'USD', 20240408120018, 'Failed', 3300.00),
(20, 1000020, 'Sell', 50.00, 'Dogecoin', 20240408120019, 'Pending', 3.00),
(21, 1000021, 'Buy', 60000.00, 'USD', 20240408120020, 'Successful', 3600.00),
(22, 1000022, 'Sell', 55.00, 'Avalanche', 20240408120021, 'Failed', 3.30),
(23, 1000023, 'Buy', 65000.00, 'USD', 20240408120022, 'Pending', 3900.00),
(24, 1000024, 'Sell', 60.00, 'Algorand', 20240408120023, 'Successful', 3.60),
(25, 1000025, 'Buy', 70000.00, 'USD', 20240408120024, 'Failed', 4200.00),
(26, 1000026, 'Sell', 65.00, 'VeChain', 20240408120025, 'Pending', 3.90),
(27, 1000027, 'Buy', 75000.00, 'USD', 20240408120026, 'Successful', 4500.00),
(28, 1000028, 'Sell', 70.00, 'TRON', 20240408120027, 'Failed', 4.20),
(29, 1000029, 'Buy', 80000.00, 'USD', 20240408120028, 'Pending', 4800.00),
(30, 1000030, 'Sell', 75.00, 'NEO', 20240408120029, 'Successful', 4.50),
(31, 1000031, 'Buy', 85000.00, 'USD', 20240408120030, 'Failed', 5100.00),
(32, 1000032, 'Sell', 80.00, 'Cosmos', 20240408120031, 'Pending', 4.80),
(33, 1000033, 'Buy', 90000.00, 'USD', 20240408120032, 'Successful', 5400.00),
(34, 1000034, 'Sell', 85.00, 'EOS', 20240408120033, 'Failed', 5.10),
(35, 1000035, 'Buy', 95000.00, 'USD', 20240408120034, 'Pending', 5700.00),
(36, 1000036, 'Sell', 90.00, 'Tezos', 20240408120035, 'Successful', 5.40),
(37, 1000037, 'Buy', 100000.00, 'USD', 20240408120036, 'Failed', 6000.00),
(38, 1000038, 'Sell', 95.00, 'Monero', 20240408120037, 'Pending', 5.70),
(39, 1000039, 'Buy', 105000.00, 'USD', 20240408120038, 'Successful', 6300.00),
(40, 1000040, 'Sell', 100.00, 'THETA', 20240408120039, 'Failed', 6.00),
(41, 1000041, 'Buy', 110000.00, 'USD', 20240408120040, 'Pending', 6600.00),
(42, 1000042, 'Sell', 105.00, 'BitTorrent', 20240408120041, 'Successful', 6.30),
(43, 1000043, 'Buy', 115000.00, 'USD', 20240408120042, 'Failed', 6900.00),
(44, 1000044, 'Sell', 110.00, 'Dai', 20240408120043, 'Pending', 6.60),
(45, 1000045, 'Buy', 120000.00, 'USD', 20240408120044, 'Successful', 7200.00),
(46, 1000046, 'Sell', 115.00, 'Aave', 20240408120045, 'Failed', 6.90),
(47, 1000047, 'Buy', 125000.00, 'USD', 20240408120046, 'Pending', 7500.00),
(48, 1000048, 'Sell', 120.00, 'Synthetix', 20240408120047, 'Successful', 7.20),
(49, 1000049, 'Buy', 130000.00, 'USD', 20240408120048, 'Failed', 7800.00),
(50, 1000050, 'Sell', 125.00, 'Compound', 20240408120049, 'Pending', 7.50);

